{"TWT": 40.05207103870064, "WIP": 22.139481330634375, "makespan": 8.6919230335683, "throughput": 99.79375, "dist": 208998.40794344878, "SL_STAT": 0.9652331303028232, "SL_URG": 1.0, "SL_ROU": 0.999901768172888, "cvar95": 0.9271312740439962}