{
  "main": {
    "FCFS": {
      "TWT": [
        125481.79184847232,
        9647.26673072952
      ],
      "makespan": [
        11.570799840918506,
        0.17297351848951162
      ],
      "WIP": [
        122.72964732323237,
        5.716455195270297
      ],
      "throughput": [
        74.59375,
        0.9083756377964489
      ],
      "dist": [
        336853.2360437765,
        6084.811932110868
      ],
      "SL_STAT": [
        0.0396516805159194,
        0.011073850057976642
      ],
      "SL_URG": [
        0.19479909340539875,
        0.015811752400750497
      ],
      "SL_ROU": [
        0.570669144229554,
        0.030934306896199068
      ],
      "pct": [
        0.6919511579001293,
        0.010422758384198113
      ],
      "cvar95": 1148.1315855633345,
      "runtime_s": 0.1715138792991638
    },
    "EDD": {
      "TWT": [
        57441.3136058059,
        7288.548982728767
      ],
      "makespan": [
        11.575296272623614,
        0.17779483550916567
      ],
      "WIP": [
        122.9713130716409,
        5.824585790415463
      ],
      "throughput": [
        74.45625,
        0.8095104331924131
      ],
      "dist": [
        337166.73959450884,
        6200.629601002389
      ],
      "SL_STAT": [
        0.5008635329870154,
        0.024805037919328574
      ],
      "SL_URG": [
        0.4877240526245682,
        0.021814488916460976
      ],
      "SL_ROU": [
        0.3264374685457121,
        0.02219139454781165
      ],
      "pct": [
        0.6906937614941911,
        0.009918579791763391
      ],
      "cvar95": 432.12865928537184,
      "runtime_s": 0.17790021896362304
    },
    "WSPT": {
      "TWT": [
        14557.161084741365,
        1943.6158048689917
      ],
      "makespan": [
        9.617958532900618,
        0.12847512319432083
      ],
      "WIP": [
        61.17424420552277,
        4.953117593162866
      ],
      "throughput": [
        91.1,
        1.11689116229875
      ],
      "dist": [
        252022.38888667687,
        4083.9016791257063
      ],
      "SL_STAT": [
        0.9117681500496058,
        0.016406841531643877
      ],
      "SL_URG": [
        1.0,
        0.0
      ],
      "SL_ROU": [
        0.7949818216470865,
        0.021275723703646915
      ],
      "pct": [
        0.8449220756695863,
        0.010673916375729155
      ],
      "cvar95": 244.73224591472697,
      "runtime_s": 0.2044019103050232
    },
    "ATC": {
      "TWT": [
        2359.0995552961,
        859.8732475750035
      ],
      "makespan": [
        9.79448234053561,
        0.08709603772488081
      ],
      "WIP": [
        80.11696928699723,
        4.021406799169964
      ],
      "throughput": [
        87.775,
        0.9981425908050148
      ],
      "dist": [
        259731.1225588088,
        2421.669776107533
      ],
      "SL_STAT": [
        0.9246486555595675,
        0.011124670140737557
      ],
      "SL_URG": [
        0.9964568645285968,
        0.0020340420600008743
      ],
      "SL_ROU": [
        0.7566600985064287,
        0.050694850945291546
      ],
      "pct": [
        0.8139350458246952,
        0.006609623297019033
      ],
      "cvar95": 44.41774612906728,
      "runtime_s": 0.26030324697494506
    },
    "GA": {
      "TWT": [
        2738.135549029368,
        1566.9913610300048
      ],
      "makespan": [
        9.787845199101543,
        0.1688012301968569
      ],
      "WIP": [
        63.50143907249785,
        5.584670769091811
      ],
      "throughput": [
        88.8875,
        1.0646563505360978
      ],
      "dist": [
        257716.46880318908,
        5723.499129868237
      ],
      "SL_STAT": [
        0.830426861164811,
        0.03519305762758833
      ],
      "SL_URG": [
        0.9154521287715427,
        0.04039732174505622
      ],
      "SL_ROU": [
        0.841475870319357,
        0.07028141483254292
      ],
      "pct": [
        0.8245796745523833,
        0.012725690545608381
      ],
      "cvar95": 46.23526605836768,
      "runtime_s": 0.12085384130477905
    },
    "ALNS": {
      "TWT": [
        420.3108691101132,
        327.8014064418808
      ],
      "makespan": [
        9.353111282873183,
        0.13262675203115265
      ],
      "WIP": [
        50.29702209303488,
        5.234050457706082
      ],
      "throughput": [
        92.2125,
        1.0621608498963946
      ],
      "dist": [
        237697.76679022788,
        4278.456127941029
      ],
      "SL_STAT": [
        0.8740191495154288,
        0.025949042350707382
      ],
      "SL_URG": [
        0.9844231905556112,
        0.017981137148173624
      ],
      "SL_ROU": [
        0.9694964549605427,
        0.02943227520704664
      ],
      "pct": [
        0.8553351416033527,
        0.01168897086991914
      ],
      "cvar95": 9.729418266437804,
      "runtime_s": 0.11671446561813355
    },
    "IPPO": {
      "TWT": [
        10773.981891724237,
        2644.038953169825
      ],
      "makespan": [
        10.215607113773354,
        0.10388200992479667
      ],
      "WIP": [
        93.56801017156351,
        7.158222161268827
      ],
      "throughput": [
        81.79375,
        1.1478143002085128
      ],
      "dist": [
        278605.7103017579,
        3137.9268602207285
      ],
      "SL_STAT": [
        0.913479730748764,
        0.011049787948061164
      ],
      "SL_URG": [
        0.9994251814325252,
        0.0006153476420063339
      ],
      "SL_ROU": [
        0.42352711621651107,
        0.05526779631090356
      ],
      "pct": [
        0.7587402729092345,
        0.012644277739229234
      ],
      "cvar95": 112.90914124317798,
      "runtime_s": 0.2760848760604858
    },
    "MAT": {
      "TWT": [
        519.817651868161,
        269.49730958734165
      ],
      "makespan": [
        9.25478332330051,
        0.1707765573984887
      ],
      "WIP": [
        45.36143755925509,
        5.749724755529595
      ],
      "throughput": [
        93.04375,
        1.5589956819004376
      ],
      "dist": [
        233751.02715797786,
        6308.647665017951
      ],
      "SL_STAT": [
        0.8640309894049999,
        0.023654479157799408
      ],
      "SL_URG": [
        0.9994809688581314,
        0.0010173010380622883
      ],
      "SL_ROU": [
        0.9482467685265231,
        0.030124845946682927
      ],
      "pct": [
        0.8630583062398716,
        0.015865861680170307
      ],
      "cvar95": 12.032816015466688,
      "runtime_s": 0.13758901357650757
    },
    "HMART": {
      "TWT": [
        28.63573012556649,
        15.248520847632873
      ],
      "makespan": [
        8.497997135483097,
        0.05158740065190196
      ],
      "WIP": [
        14.304953033834158,
        2.452034189203579
      ],
      "throughput": [
        102.30625,
        1.2640264339237113
      ],
      "dist": [
        199713.45415695355,
        1884.4634396403928
      ],
      "SL_STAT": [
        0.968905337302474,
        0.0088852928638489
      ],
      "SL_URG": [
        1.0,
        0.0
      ],
      "SL_ROU": [
        1.0,
        0.0
      ],
      "pct": [
        0.948607684822881,
        0.007121846742001477
      ],
      "cvar95": 0.6628641232770021,
      "runtime_s": 0.07689931392669677
    }
  },
  "robustness": {
    "ATC": {
      "nominal": {
        "SL_STAT": 0.9246486555595675,
        "cvar95": 44.41774612906728
      },
      "surge": {
        "SL_STAT": 0.9212187705837621,
        "cvar95": 62.35945565167668
      },
      "highvar": {
        "SL_STAT": 0.906034765568314,
        "cvar95": 47.81138123152911
      },
      "breakdown": {
        "SL_STAT": 0.926741230354993,
        "cvar95": 75.10014055167245
      }
    },
    "ALNS": {
      "nominal": {
        "SL_STAT": 0.8740191495154288,
        "cvar95": 9.729418266437804
      },
      "surge": {
        "SL_STAT": 0.8659735047108812,
        "cvar95": 24.86578490189454
      },